Unnamed: 0,PC_1,PC_2
1269,21.0533907365881,2.6790289282772846
6910,-20.767382119971728,22.78393759665101
295,18.91854687232748,3.901683717799735
4943,-9.628604556448256,-14.021165512609908
3644,-10.633184986675852,-12.142981198502197
1531,-10.245186335207775,-12.872936724179159
5881,-9.281909723748587,-13.20542436229712
2725,-9.24759492947302,-14.046136481794111
949,20.29214437096666,3.2695642580938302
2293,37.28320925382527,3.0741906687822422
3569,19.903077607022905,4.19495125244902
6965,-11.312126707557656,10.182698676186549
7195,-20.98790378875567,21.20737788278422
4632,-9.530154772921529,-14.610565852248055
636,19.47931103803808,1.5172881116872299
693,-6.670920059289624,-8.096491236080695
1312,19.88440347538279,3.619226067968153
463,16.153973626238304,4.203291148408379
3934,-7.71824030772503,-16.132345389549652
2385,15.764903750378153,4.22806935702761
1600,-11.178327922219687,-11.9561141048163
5233,-9.693909953898917,-13.994570944658042
347,23.80012842358651,2.738794853068498
7047,-21.125566808900967,21.196319426488934
2217,18.21786723672614,4.630665371782904
1588,-10.505074256363468,-11.894205291133014
363,22.050308748486614,4.678908881018361
22,19.766617569051284,1.5652861714547468
4671,-9.8110655615398,-12.476164224049393
688,27.232170907372673,1.5226207524207818
5397,-8.899421642006322,-14.516127027555624
352,16.82379684248439,1.4236488223898556
5833,-10.390884123982675,-12.689799031747583
2202,-10.619147352424196,-11.619427861812998
2645,-7.331812493588419,-16.350354175894502
7098,-21.016509678046255,21.682796244531882
323,20.812841659685237,4.13847296368668
3397,-20.425251121336842,22.18213741909137
6617,-20.468758230054494,22.07341488548617
7358,-20.53369405023592,21.59049070414138
589,20.603027828139687,4.389754947266202
2507,-9.547532489349326,-13.440439020231809
2568,-9.787819537694688,-13.239239349952445
3167,-9.651697343804745,-13.863124720876835
3399,-9.596835848417482,-13.32555753414642
322,21.622607657431697,4.1488223795441925
2056,-11.418356119623782,-12.109449793092052
4621,-10.502015056966266,-12.364223378831538
1987,21.861151414092564,4.02500154761926
4349,-10.789567349330746,-12.876130950562679
8100,-20.929671336885665,21.763415308707643
9185,-10.476886331471464,-13.481058999959812
6859,-13.004154875933219,17.391342871832876
1759,-10.186775798141214,-12.834619502504726
8563,-21.381142665228047,21.114747432973925
4814,18.96269342837798,3.750022384359679
9928,17.371477436931052,2.6385785607845667
6928,-10.575476730374666,-11.658921540380447
5274,-8.202873946433789,-15.956818373470151
6734,-20.497100965677607,21.757057085395882
1503,-10.335966277935357,-13.005730403138527
4356,-9.621025737220897,-13.276728466669736
7549,-13.61410310478922,7.451331065491986
8336,-20.477365618798817,22.396048057495282
9276,-20.90673666552042,21.49616629139911
3913,-9.944602068114571,-12.49250079313069
3394,19.328231457032537,2.8583790727626703
609,19.04236048007889,2.055065277956171
1877,21.06714645307727,3.564568213397061
8737,18.771465139298463,3.6969863114488426
952,23.930552783271533,3.3323246665360133
3780,19.173058601124083,5.023131410417322
2024,17.703864211524888,2.5127013215708915
9869,-20.53136291369231,22.13595119985653
36,19.22252270148868,3.0177186206240756
798,19.120764529864946,2.9512205051125426
1221,20.470057877487818,3.569748242510213
64,-5.471525492527143,-7.578091071164008
6191,7.318298436635755,13.716287204131381
6381,-10.288208749696594,-13.303316515173963
1028,19.417967383989073,3.679988548944832
2874,-9.347148659683356,-13.456265460206536
3532,-10.41610843385767,-12.983741628606307
1532,22.591990812059528,14.756966465141229
440,23.743186691035152,3.92542856519427
6074,-4.208111290306695,-19.003719462927716
6851,-20.510383743777517,22.590533762000266
4181,-12.096457590986526,-9.737091774684211
5917,-10.009910929685628,-12.781180800592438
7214,-9.338830987773555,-14.003837847695124
3964,-10.052713217627236,-13.060331459886532
7285,-10.175326953319836,-12.283849304169024
8951,-15.781479613970271,8.449415191198264
118,-5.018072638362707,-8.201577750997295
3468,-9.597755199293603,-13.963398438517267
799,24.39483932531243,3.35256034804738
6356,-10.362857466014901,-12.715871152367619
4056,-9.474981774167201,-14.390626149116352
9232,22.189170840733723,2.09052172419446
4680,-10.56758307612088,-12.750932149041262
3196,-10.26044596922934,-11.877767984635152
4055,-12.030694336623757,-10.669377700396659
4569,13.829353284502304,2.384061681990713
7504,-19.94399261143104,22.692848204888033
5683,-10.566693250864217,-12.264965051315794
497,18.914797627256917,4.116517858217534
6335,-10.067475558734333,-13.601816581683657
4482,-10.457438789049897,-12.309472172663332
4106,-8.68521084771915,-14.621418330087954
2542,22.73940776207431,2.54515336769668
9561,-20.762079674112773,21.20384618406145
175,20.84357931279029,4.49285640873163
808,23.14468883109378,4.229355790390839
3973,-9.905011659386489,-13.072472188090792
909,18.912120819315692,3.008800862493237
4230,21.79535727227456,4.0615365217050545
1173,18.96269342837798,3.750022384359679
2498,19.16827119871934,2.399216414034852
1825,19.02673985890396,3.001048814593281
9367,-20.60647092785178,22.620656220770297
775,21.012564535480163,2.134401407896172
253,19.6588495341305,2.6322835562128444
6284,-11.362562215107666,-10.97644612122668
215,-7.625777926880909,-5.75960542716546
7156,-10.406324005139162,-12.62092510755786
4036,-9.98266982940205,-14.363567695270717
5557,-9.957259831451703,-13.011085458691854
1375,24.761929517122386,2.4901059028308405
602,22.541793014529816,3.691664644910607
1424,18.234573841487975,3.5583251188421916
898,20.773955777082413,3.038965117159529
9078,-10.194257381261531,-12.710662099605768
563,22.176982636247747,3.6929505344778097
1470,18.877758035803556,3.158931644653324
925,19.571810473725037,2.2171507746266395
9246,-20.239917262624157,22.18117355386228
2023,19.66938734808515,2.1892640588713403
9323,-10.854892429291384,-11.13596887324079
7114,-20.542341397520065,22.662127327021363
572,23.678798172317247,2.368571805302979
4813,-5.607504154624842,-19.16270391785239
717,-6.461185359275431,-7.331012051547828
7292,-20.516255551293174,22.320098348592474
2362,-8.971153995609443,-14.108088596784425
9351,-20.71483657975325,22.07163739368921
6861,19.50375514977514,3.3832023113198058
3494,-10.858000510104977,-12.186757460704722
9324,-20.52099630216455,22.528716723747827
4029,-10.913041020847505,-11.51961801313361
4756,-10.328952877068787,-12.003066217911263
3931,-4.363536256744612,-19.981713017837958
4962,-10.442207710019629,-12.847554173476427
4712,-10.704149390664664,-12.248315914736219
5612,-11.432922110222528,-11.351870997660392
3069,-11.295847943646223,-10.360051580613616
556,20.622327008847478,1.181753597694086
8864,-21.14978986361626,21.2914797249711
