sample_id,phenotype,rs1000,rs1001,rs1002,rs1003,rs1004,rs1005,rs1006,rs1007,rs1008,rs1009,rs1010,rs1011
NA2000,1,0,1,1,0,0,0,0,0,1,0,1,0
NA2001,1,1,0,0,0,0,0,0,1,0,1,2,1
NA2002,1,0,0,1,0,0,0,0,0,0,0,1,2
NA2003,1,0,0,0,1,0,0,0,0,1,0,0,0
NA2004,1,1,0,1,0,2,0,1,1,0,0,2,0
NA2005,1,0,1,1,0,1,0,0,0,0,2,1,2
NA2006,1,0,1,0,2,0,0,0,0,1,1,1,0
NA2007,1,0,1,1,0,0,0,0,1,2,1,0,1
NA2008,1,0,0,0,1,0,0,0,0,1,0,1,0
NA2009,1,0,0,1,1,0,0,0,0,2,2,0,0
NA2010,0,2,2,0,1,0,0,0,1,0,0,0,0
NA2011,0,0,1,0,0,0,0,0,0,1,2,0,1
NA2012,0,0,1,1,1,0,0,2,1,1,0,0,0
NA2013,0,0,0,0,1,0,0,0,0,0,1,1,0
NA2014,0,0,0,1,1,0,0,0,1,1,0,2,0
NA2015,0,0,0,0,1,1,0,1,1,1,0,1,1
NA2016,0,0,0,0,1,0,0,0,1,0,2,1,0
NA2017,0,0,0,0,1,0,0,1,1,1,1,1,1
NA2018,0,0,1,1,1,0,0,1,1,1,0,1,1
NA2019,0,0,1,0,1,0,0,0,0,1,0,0,1
